trial_number,state,value,proxy_value,n_params,duration_sec,base_learning_rate,weight_decay,label_smoothing,dice_weight
0,COMPLETE,0.92833411693573,0.92833411693573,4,1126.875577,1.777983013394755e-05,0.02874347220642999,0.0797827187258128,0.33580269288350895
1,COMPLETE,0.89424729347229,0.89424729347229,4,1114.455839,0.0011957385168055302,1.4723846301270926e-05,0.10297348272165824,0.9549623572958985
2,COMPLETE,0.9278265237808228,0.9278265237808228,4,1114.137387,0.00013766616870169876,0.00011105829275918044,0.03308751481562971,0.2087862287793384
3,COMPLETE,0.9261961579322815,0.9261961579322815,4,1121.305871,0.0003020724969931469,0.0004553344278702054,0.0987320997428637,0.08966826095181635
4,PRUNED,,0.2506115138530731,4,600.563182,0.0052912174455005765,0.05350044717209787,0.1294849436381376,0.34698215338535865
5,COMPLETE,0.9268420338630676,0.9268420338630676,4,1118.690204,5.058618078253921e-05,0.0002496036081516663,0.053599211858969015,0.9271891716552243
6,PRUNED,,0.2506115138530731,4,598.308691,0.0018350704272422557,0.0726729294455763,0.046437899394083874,0.6319307616695276
7,PRUNED,,0.89897620677948,4,593.0718,0.0003828024978014981,0.08715330516732278,0.12240556493181563,0.005062648681988247
8,PRUNED,,0.2506115138530731,4,601.235827,0.004014937746344011,0.016905718344188716,0.1035051848635425,0.36307260996080115
9,COMPLETE,0.9275951385498047,0.9275951385498047,4,1106.375356,0.00010772824443619734,0.0033962962637849895,0.0431842822788757,0.011081439592496856
10,PRUNED,,0.9199635982513428,4,598.913794,1.0363631550286662e-05,0.0033019077077277256,0.17891436943216202,0.6396679145923192
11,COMPLETE,0.9270509481430054,0.9270509481430054,4,1116.369275,1.1895597142449847e-05,6.252917262519181e-05,0.006828890346262294,0.25426016206296753
12,COMPLETE,0.9284361600875854,0.9284361600875854,4,1113.378067,4.256948114463419e-05,0.00010800872376268223,0.007645455642429563,0.2059083591164019
13,PRUNED,,0.9211773872375488,4,591.856465,3.178375992676017e-05,0.0014958986759211696,0.010360951641830679,0.5418636321511978
14,COMPLETE,0.9282568693161011,0.9282568693161011,4,1125.953906,3.150244482925439e-05,1.0092966452519737e-05,0.07351082130611235,0.39194624285812774
15,COMPLETE,0.928903341293335,0.928903341293335,4,1114.837458,6.035491477150511e-05,0.01108792430243136,0.1659428585414009,0.1710889081210728
16,COMPLETE,0.9283716082572937,0.9283716082572937,4,1114.779607,8.004867335839166e-05,0.008539196462956306,0.19143110078957512,0.1280846251245209
17,PRUNED,,0.9163215160369873,4,598.62685,0.00024353438410725065,6.645734519687565e-05,0.16524069150515314,0.1801181456639283
18,PRUNED,,0.9148837327957153,4,593.050333,0.0006690559493994424,0.0010918034739738766,0.14775790172622932,0.4700019840235907
19,PRUNED,,0.920513391494751,4,600.853122,5.837036946384272e-05,0.00032016176113626763,0.13343905617904772,0.24985279998451349
20,COMPLETE,0.9275901317596436,0.9275901317596436,4,1124.094165,2.811038055150335e-05,2.7431997608415115e-05,0.15831151769315874,0.8022689451873767
21,COMPLETE,0.9276883006095886,0.9276883006095886,4,1105.591979,8.802728548509157e-05,0.009452106480908653,0.1865493214951221,0.11830066548447699
22,COMPLETE,0.9280303716659546,0.9280303716659546,4,1115.734932,0.0001717432962907807,0.005534513722884035,0.19690226186489565,0.117899751379453
23,PRUNED,,0.9222312569618225,4,599.875587,6.388994837684015e-05,0.00741039215235908,0.1784591938148292,0.28302497418352324
24,COMPLETE,0.9280116558074951,0.9280116558074951,4,1123.822834,2.149142486092597e-05,0.018885247258067294,0.16161017188350427,0.17180771839214515
25,PRUNED,,0.9237597584724426,4,592.391898,5.667518366201814e-05,0.0019081163142384257,0.199508284628447,0.08291073474474055
26,PRUNED,,0.914894700050354,4,592.201023,0.00047120913375680494,0.0006017147450950708,0.14439443792154208,0.4234496451782353
27,PRUNED,,0.9228674173355103,4,600.77965,0.000150257328029721,0.00016621698935066943,0.021942714002140262,0.06011280115855548
28,COMPLETE,0.9279947876930237,0.9279947876930237,4,1123.859186,3.8053784887732394e-05,0.031564983151613074,0.07015452712400681,0.1722640384554871
29,PRUNED,,0.9149268865585327,4,591.269905,1.933927217523046e-05,0.012619220853622333,0.08928054788330762,0.28758687082612305
30,PRUNED,,0.9220984578132629,4,600.316436,9.236861018051996e-05,0.027581595858761444,0.17009823053317724,0.4911518867637921
31,COMPLETE,0.9276669025421143,0.9276669025421143,4,1116.629522,1.597825925254242e-05,0.03479358477726962,0.06402055748856599,0.3172871319703955
32,COMPLETE,0.928446888923645,0.928446888923645,4,1114.096819,4.27345561676997e-05,2.1086109306375425e-05,0.11425695766777277,0.2172424769003591
33,PRUNED,,0.915798008441925,4,599.421546,4.273775504425254e-05,2.791871523466517e-05,0.11657404159249661,0.2087184323885736
34,COMPLETE,0.9284149408340454,0.9284149408340454,4,1116.904745,8.015338197041488e-05,1.87510139690751e-05,0.14914221432948718,0.13739465212517613
35,PRUNED,,0.9222500920295715,4,598.348062,0.00016347772252674355,2.7067615356690384e-05,0.11092269189960449,0.048191246424098416
36,COMPLETE,0.9284119009971619,0.9284119009971619,4,1116.958022,2.267805803862677e-05,4.634614926730072e-05,0.14642092909882412,0.23045994983181176
37,PRUNED,,0.9213598966598511,4,593.127433,0.00022539458724941586,1.6466700767777602e-05,0.0926165378230233,0.31923072913642714
38,COMPLETE,0.9281051754951477,0.9281051754951477,4,1116.147807,4.524653319319273e-05,0.00011418752912223883,0.13617664077884828,0.1482339860395313
39,PRUNED,,0.919137716293335,4,590.66634,0.00011421336733299564,1.427868286716628e-05,0.12566162404580813,0.5846212267927993
40,PRUNED,,0.9221438765525818,4,599.314946,7.960627959642895e-05,3.955642782354524e-05,0.10517313869126603,0.420527263465353
41,COMPLETE,0.9279836416244507,0.9279836416244507,4,1116.106228,2.1167118978224444e-05,5.6974157546978807e-05,0.14743051050661862,0.23235407477850178
42,COMPLETE,0.9272341728210449,0.9272341728210449,4,1115.528693,1.5376300715369394e-05,0.00010270713981885962,0.1537483047403628,0.2222074383826537
43,PRUNED,,0.9236836433410645,4,597.414771,2.629373684131669e-05,1.8609803489573772e-05,0.14158753915187075,0.023605044317436347
44,PRUNED,,0.250610888004303,4,592.298317,0.002100656008819109,0.00021315711586908639,0.11957760761304612,0.09389349472137923
45,PRUNED,,0.9202954769134521,4,600.123198,1.2082689605110343e-05,4.355360503724693e-05,0.17531969449114418,0.7191676201492038
46,PRUNED,,0.9237743616104126,4,593.322619,3.55205407381211e-05,1.0768724713171067e-05,0.08161355516765798,0.3554918741462295
47,PRUNED,,0.9224705696105957,4,592.630873,6.54497866907152e-05,0.0005640333502022514,0.1311794827684531,0.20014013212290113
48,PRUNED,,0.9196375608444214,4,600.006322,0.00011984881280590939,8.215049317567034e-05,0.15430701198252858,0.2863943893601427
49,PRUNED,,0.9226840138435364,4,599.417602,2.5327283690379785e-05,3.995720604498344e-05,0.03160743045224245,0.13808952731294652
50,COMPLETE,0.9280245304107666,0.9280245304107666,4,1117.189374,4.3905899784352895e-05,0.00013594192496972656,0.16934581208234875,0.25304406244603156
51,COMPLETE,0.9283984899520874,0.9283984899520874,4,1115.758254,7.232281175792229e-05,0.0037121484332224845,0.19288086179894304,0.13477633038399944
52,PRUNED,,0.2506115138530731,4,597.609226,0.009631409557476097,0.004065704332671741,0.1829334010231416,0.16278638393521655
53,COMPLETE,0.9287439584732056,0.9287439584732056,4,1116.570258,7.20668058004377e-05,0.0020827847472809436,0.18854625500316574,0.07853506283863429
54,COMPLETE,0.9283000230789185,0.9283000230789185,4,1114.990248,5.6664141612897595e-05,2.2607463918046518e-05,0.17179442796360297,0.005463905767665089
55,PRUNED,,0.9225542545318604,4,592.15673,3.2982711007141194e-05,0.0016339496339857172,0.16017286673907905,0.07943013883778863
56,PRUNED,,0.9182796478271484,4,599.958442,0.00021610929457580212,0.00036608042810515036,0.1831028494217946,0.9600673023884738
57,PRUNED,,0.9233480095863342,4,599.950426,9.56721059850384e-05,0.002486092170508773,0.15114391545248385,0.039158898601228787
58,PRUNED,,0.920975923538208,4,600.908461,5.277978884447741e-05,0.0010438347187512731,0.053714091019490776,0.1983550786353237
59,PRUNED,,0.9074336290359497,4,595.230696,0.0008756671878724539,1.1716935607798687e-05,0.13575093342108313,0.10626901822748343
